sku,brand,segment,category,First_Observed_Date,Last_Observed_Date,Active_Days,Total_Units_Sold,Total_Sales_Value,Avg_Units_Per_Day,Avg_Price,Observed_Duration_Days,Introduction_Year,Introduction_Month
MI-006,MiBrand1,Milk-Seg3,Milk,2022-01-21,2024-12-31,1076,132623,692133.59,16.132222357377447,5.240336941977861,1076,2022,2022-01-01
MI-026,MiBrand4,Milk-Seg2,Milk,2022-01-22,2024-12-31,1075,152324,796853.75,18.539922103213243,5.224004381694255,1075,2022,2022-01-01
YO-029,YoBrand4,Yogurt-Seg2,Yogurt,2022-02-28,2024-12-31,1038,177798,931878.44,22.480465292704515,5.258590213680617,1038,2022,2022-02-01
YO-005,YoBrand2,Yogurt-Seg1,Yogurt,2022-03-13,2024-12-31,1025,176095,913420.95,22.31027492715064,5.232430001266946,1025,2022,2022-03-01
YO-012,YoBrand1,Yogurt-Seg2,Yogurt,2022-03-29,2024-12-31,1009,170575,899410.48,22.098069698147427,5.26301334369737,1009,2022,2022-03-01
YO-014,YoBrand4,Yogurt-Seg3,Yogurt,2022-04-10,2024-12-31,997,148845,786740.68,19.50786369593709,5.281128440366973,997,2022,2022-04-01
YO-001,YoBrand3,Yogurt-Seg1,Yogurt,2022-04-13,2024-12-31,994,146646,777399.3,19.361763929231582,5.2952363348296805,994,2022,2022-04-01
RE-004,ReBrand1,ReadyMeal-Seg2,ReadyMeal,2022-04-17,2024-12-31,990,149559,792286.33,19.56810153081251,5.270155698024336,990,2022,2022-04-01
RE-007,ReBrand4,ReadyMeal-Seg1,ReadyMeal,2022-05-02,2024-12-31,975,146705,771396.59,19.589397783415677,5.2566043530511415,975,2022,2022-05-01
RE-015,ReBrand4,ReadyMeal-Seg1,ReadyMeal,2022-05-11,2024-12-31,966,144534,759512.43,19.621775726310073,5.278001629106707,966,2022,2022-05-01
MI-023,MiBrand3,Milk-Seg3,Milk,2022-06-10,2024-12-31,936,133624,698104.89,18.55373507359067,5.203218550402666,936,2022,2022-06-01
JU-021,JuBrand3,Juice-Seg3,Juice,2022-07-11,2024-12-31,905,124349,652277.27,17.90998127610543,5.265496183206106,905,2022,2022-07-01
YO-009,YoBrand4,Yogurt-Seg1,Yogurt,2022-08-03,2024-12-31,882,145236,755334.62,21.427559752139274,5.201093242844498,882,2022,2022-08-01
SN-027,SnBrand2,SnackBar-Seg3,SnackBar,2022-09-10,2024-12-31,844,115386,604740.61,17.931002331002333,5.2356114996115,844,2022,2022-09-01
YO-003,YoBrand1,Yogurt-Seg3,Yogurt,2022-09-28,2024-12-31,826,137173,720363.86,21.632707774798927,5.246566787572939,826,2022,2022-09-01
MI-022,MiBrand3,Milk-Seg2,Milk,2022-10-04,2024-12-31,820,101115,530943.94,16.180988958233318,5.2409121459433505,820,2022,2022-10-01
YO-016,YoBrand3,Yogurt-Seg3,Yogurt,2022-11-05,2024-12-31,788,132999,702978.68,22.199799699549324,5.292891003171424,788,2022,2022-11-01
RE-025,ReBrand2,ReadyMeal-Seg3,ReadyMeal,2022-11-10,2024-12-31,783,121684,637774.81,20.314524207011686,5.277297161936561,783,2022,2022-11-01
SN-010,SnBrand2,SnackBar-Seg2,SnackBar,2022-11-27,2024-12-31,766,121499,641136.58,20.698296422487225,5.269328790459966,766,2022,2022-11-01
RE-017,ReBrand2,ReadyMeal-Seg2,ReadyMeal,2022-12-10,2024-12-31,753,116352,615358.86,20.242171189979125,5.282724425887265,753,2022,2022-12-01
SN-013,SnBrand3,SnackBar-Seg2,SnackBar,2023-01-08,2024-12-31,724,103410,540694.72,18.798400290856208,5.240176331576077,724,2023,2023-01-01
YO-020,YoBrand3,Yogurt-Seg2,Yogurt,2023-01-21,2024-12-31,711,121833,636572.32,22.495014771048744,5.24370199409158,711,2023,2023-01-01
SN-019,SnBrand2,SnackBar-Seg1,SnackBar,2023-02-18,2024-12-31,683,109593,581615.44,20.95869191049914,5.270036335819468,683,2023,2023-02-01
MI-002,MiBrand2,Milk-Seg1,Milk,2023-03-12,2024-12-31,661,95534,499368.18,18.854154331951847,5.235918689559898,661,2023,2023-03-01
MI-011,MiBrand1,Milk-Seg2,Milk,2023-04-04,2024-12-31,638,84626,442775.16,17.402015216944275,5.223298375488382,638,2023,2023-04-01
YO-024,YoBrand2,Yogurt-Seg3,Yogurt,2023-04-05,2024-12-31,637,109519,582692.37,22.58123711340206,5.324940206185567,637,2023,2023-04-01
MI-008,MiBrand3,Milk-Seg2,Milk,2023-04-12,2024-12-31,630,82888,435195.91,17.351475821645383,5.209792756960436,630,2023,2023-04-01
SN-028,SnBrand2,SnackBar-Seg1,SnackBar,2023-04-20,2024-12-31,622,101706,531426.15,21.416298168035375,5.224160875973889,622,2023,2023-04-01
YO-018,YoBrand2,Yogurt-Seg1,Yogurt,2023-05-07,2024-12-31,605,99863,519401.61,21.68106817194963,5.225058619192358,605,2023,2023-05-01
SN-030,SnBrand2,SnackBar-Seg1,SnackBar,2023-05-26,2024-12-31,586,95731,501512.06,21.311442564559215,5.230320569902048,586,2023,2023-05-01
